{"cameraMode":{"drawMode":0,"name":"Shaded","section":"Shading Mode"},"sceneLighting":false,"audioPlay":false,"sceneViewState":{"m_AlwaysRefresh":false,"showFog":true,"showSkybox":true,"showFlares":true,"showImageEffects":true,"showParticleSystems":true,"showVisualEffectGraphs":true,"m_FxEnabled":true},"in2DMode":false,"pivot":{"x":-0.18754589557647706,"y":0.09944510459899903,"z":-0.2465803623199463},"rotation":{"x":-0.07333005964756012,"y":-0.8862813115119934,"z":0.43184441328048708,"w":-0.15049712359905244},"size":1.486452579498291,"orthographic":false}